id,first_name,last_name,phone
1,Alice,Johnson,555-078-4994
2,David,Williams,555-333-4227
3,Jane,Garcia,555-895-8431
4,Bob,Davis,555-125-6317
5,Eva,Brown,555-216-9800
6,Eva,Martinez,555-973-2581
7,Hank,Davis,555-910-4191
8,Eva,Brown,555-948-0400
9,Eva,Martinez,555-787-1056
10,Bob,Davis,555-761-2747
11,Jane,Davis,555-271-9162
12,Bob,Davis,555-297-4084
13,Jane,Martinez,555-852-4184
14,Carol,Miller,555-467-8430
15,Jane,Martinez,555-380-4700
16,Alice,Brown,555-843-6532
17,Grace,Miller,555-672-4140
18,Frank,Rodriguez,555-503-0485
19,Frank,Jones,555-900-1016
20,Jane,Johnson,555-466-7017
21,John,Williams,555-506-4842
22,Carol,Jones,555-482-8773
23,David,Garcia,555-507-9514
24,Hank,Johnson,555-978-3614
25,Bob,Davis,555-722-9595
26,Jane,Rodriguez,555-196-7328
27,Grace,Smith,555-449-3617
28,John,Williams,555-363-5995
29,Alice,Smith,555-636-6668
30,John,Smith,555-892-8641
31,Eva,Williams,555-636-4623
32,Carol,Smith,555-198-0877
33,David,Jones,555-008-1650
34,Frank,Garcia,555-105-6496
35,Frank,Jones,555-973-2556
36,Frank,Davis,555-902-2627
37,Alice,Martinez,555-858-1682
38,Bob,Brown,555-413-4550
39,Hank,Johnson,555-338-2106
40,David,Johnson,555-901-3259
41,John,Miller,555-117-8125
42,David,Johnson,555-824-9916
43,John,Johnson,555-232-3581
44,Bob,Martinez,555-426-3995
45,David,Jones,555-484-7852
46,David,Rodriguez,555-281-0390
47,John,Brown,555-473-9188
48,John,Garcia,555-492-8674
49,John,Martinez,555-366-9854
50,John,Martinez,555-562-0450
51,David,Garcia,555-351-0116
52,Bob,Rodriguez,555-415-2076
53,John,Brown,555-568-8553
54,Eva,Smith,555-505-9446
55,Carol,Jones,555-490-1148
56,Eva,Martinez,555-889-9810
57,Alice,Williams,555-356-2112
58,Bob,Smith,555-802-2374
59,Hank,Martinez,555-053-9092
60,Eva,Jones,555-210-7366
61,Carol,Jones,555-355-2303
62,John,Davis,555-446-3736
63,Eva,Smith,555-470-7759
64,Alice,Martinez,555-856-7084
65,Hank,Williams,555-298-1300
66,David,Davis,555-708-5862
67,Bob,Miller,555-362-2430
68,Grace,Rodriguez,555-040-3015
69,David,Brown,555-227-7280
70,Hank,Johnson,555-728-7976
71,Carol,Brown,555-984-9949
72,John,Williams,555-231-7637
73,Bob,Johnson,555-218-7470
74,Frank,Brown,555-601-0998
75,Alice,Miller,555-930-8612
76,John,Rodriguez,555-643-7789
77,Grace,Garcia,555-196-9763
78,Jane,Davis,555-100-9698
79,Hank,Smith,555-984-3317
80,Grace,Martinez,555-018-0500
81,Alice,Rodriguez,555-013-8120
82,Hank,Brown,555-064-1846
83,Jane,Davis,555-440-9225
84,Jane,Garcia,555-643-6082
85,Hank,Miller,555-888-0826
86,Hank,Williams,555-475-5167
87,Eva,Johnson,555-524-1254
88,Alice,Garcia,555-048-0577
89,Carol,Martinez,555-153-7689
90,Carol,Williams,555-190-8507
91,David,Rodriguez,555-004-2400
92,Alice,Johnson,555-934-0511
93,Jane,Davis,555-350-0528
94,Jane,Garcia,555-629-1011
95,David,Davis,555-281-5357
96,John,Williams,555-077-4550
97,Grace,Martinez,555-758-2920
98,Grace,Garcia,555-630-7292
99,Frank,Davis,555-423-6106
100,Bob,Williams,555-977-8883
